{
    "fastapi": {
        "faithfulness": 0.7555555555555555,
        "answer_correctness": 0.6122153015551937,
        "context_precision": 0.5555555554999999
    },
    "ai_engineering": {
        "faithfulness": 0.8333333333333334,
        "answer_correctness": 0.32903472578076737,
        "context_precision": 0.33333333331666665
    }
}