{
    "fastapi": {
        "faithfulness": 1.0,
        "answer_correctness": 0.5592447174696308,
        "context_precision": 0.6944444443847222
    },
    "ai_engineering": {
        "faithfulness": 0.5833333333333334,
        "answer_correctness": 0.28125907694527225,
        "context_precision": 0.249999999975
    }
}