{
    "fastapi": {
        "faithfulness": 0.6666666666666666,
        "answer_correctness": 0.4059799639583463,
        "context_precision": 0.3333333333
    },
    "ai_engineering": {
        "faithfulness": 0.34375,
        "answer_correctness": 0.09990192451077909,
        "context_precision": 0.0
    }
}